1001,Worth,Juggins,wjuggins0@reuters.com,2004,6,19,Fallview,3265,,,,0,false
1002,Collen,MacGaughey,cmacgaughey1@parallels.com,1993,4,6,Village Green,47,14540-000,,,1,false
1003,Candice,Franc,cfranc2@chronoengine.com,2022,9,23,Northport,2,84964 CEDEX,Provence-Alpes-Côte d'Azur,B8,2,false
1004,Alexio,Rooke,arooke3@buzzfeed.com,2000,11,23,Bartillon,90331,32500-000,,,3,false
1005,Boony,Clere,bclere4@shareasale.com,2004,1,21,Hermina,534,5507,,,4,false
1006,Ev,Korejs,ekorejs5@istockphoto.com,2015,11,17,Loftsgordon,49474,,,,5,false
1007,Ronalda,Norwell,rnorwell6@dell.com,2001,1,22,Northport,68,,,,6,false
1008,Darbee,Spur,dspur7@google.co.uk,1987,6,15,Ronald Regan,0037,,,,7,false
1009,Abbott,Margett,amargett8@reference.com,1992,8,25,Lunder,76700,606525,,,8,false
1010,Seana,Taggerty,staggerty9@usnews.com,2012,12,1,Valley Edge,08071,,,,9,false
1011,Eleanor,Cumine,ecuminea@vkontakte.ru,1992,8,17,Dovetail,300,174350,,,10,false
1012,Effie,Horsfield,ehorsfieldb@themeforest.net,2019,3,18,Kropf,047,,,,11,false
1013,Devland,De Michele,ddemichelec@sfgate.com,1993,8,21,Service,53,687 10,,,12,false
1014,Stavros,Turbefield,sturbefieldd@smh.com.au,1990,2,22,Mallory,34989,,,,13,false
1015,Moore,Antonovic,mantonovice@dagondesign.com,2004,5,24,Commercial,0,711 82,Örebro,T,14,false
1016,Blakeley,Gomar,bgomarf@businessweek.com,1992,9,7,Autumn Leaf,342,,,,15,false
1017,Byrann,Gettins,bgettinsg@admin.ch,1980,2,19,Fisk,5,682071,,,16,false
1018,Dianne,Venes,dvenesh@privacy.gov.au,1982,1,23,Melby,0,,,,17,false
1019,Daune,Evesque,devesquei@studiopress.com,2002,1,15,Valley Edge,729,,,,18,false
1020,Reese,Van Leeuwen,rvanleeuwenj@meetup.com,2002,5,26,Gale,077,13006,,,19,false
1021,Creight,Pedron,cpedronk@tumblr.com,1992,9,15,Acker,08,,,,20,false
1022,Lauree,Rushmer,lrushmerl@dagondesign.com,1991,5,23,Barnett,87,0760,Oslo,03,21,false
1023,Nickie,Kochs,nkochsm@paypal.com,2013,3,3,Judy,3109,8890,,,22,false
1024,Dorthea,Wheeldon,dwheeldonn@google.cn,1984,8,27,Jana,989,35530-000,,,23,false
1025,Thorin,Hitchens,thitchenso@booking.com,2019,4,1,Old Gate,323,94852 CEDEX,Île-de-France,A8,24,false
1026,Talbot,Hasley,thasleyp@drupal.org,1990,1,20,Commercial,64343,MD-5519,,,25,false
1027,Wrennie,MacDiarmid,wmacdiarmidq@multiply.com,2008,11,26,Valley Edge,70701,6405,More og Romdal,15,26,false
1028,Mariska,Harbord,mharbordr@nature.com,1987,9,22,Cody,83524,,,,27,false
1029,Cara,Daughtery,cdaughterys@blogtalkradio.com,1993,10,15,Melby,47293,,,,28,false
1030,Daffy,Ogley,dogleyt@linkedin.com,2003,12,26,West,2482,56944,District of Columbia,DC,29,false
1031,Germayne,Rew,grewu@admin.ch,1997,1,12,Waxwing,76610,471 31,Västra Götaland,O,30,false
1032,Sandor,Flinders,sflindersv@canalblog.com,1983,11,16,Northview,9,8950-023,Faro,08,31,false
1033,Steffi,Brixey,sbrixeyw@facebook.com,1992,7,25,Troy,3205,,,,32,false
1034,Gabriel,Lamborne,glambornex@wiley.com,2011,10,11,Almo,8778,8121,,,33,false
1035,Kit,List,klisty@meetup.com,1983,11,21,Main,82771,,,,34,false
1036,Hymie,Book,hbookz@clickbank.net,2021,2,21,Sunbrook,9,76600,Haute-Normandie,A7,35,false
1037,Archibald,Realff,arealff10@biglobe.ne.jp,1988,9,25,Lighthouse Bay,681,,,,36,false
1038,Adena,Clausen,aclausen11@hostgator.com,2009,1,24,Linden,56986,,,,37,false
1039,Keri,Chopin,kchopin12@apple.com,2007,2,16,Steensland,70,1349,Region Hovedstaden,1084,38,false
1040,Adamo,Ricker,aricker13@blogs.com,2010,12,10,Hazelcrest,1506,187625,,,39,false
1041,Jelene,Shatliff,jshatliff14@yelp.com,2018,2,5,Autumn Leaf,6,,,,40,false
1042,Byron,Rumford,brumford15@ucoz.com,2014,4,10,Hazelcrest,6190,7330,,,41,false
1043,Gardner,Bartomeu,gbartomeu16@apple.com,1992,4,16,Barby,5126,,,,42,false
1044,Orbadiah,Fairbrace,ofairbrace17@furl.net,1995,8,19,Shelley,03818,,,,43,false
1045,Lynette,Gantz,lgantz18@ibm.com,2005,2,14,Schurz,9,84-242,,,44,false
1046,Adeline,Crumpe,acrumpe19@youtu.be,2020,11,3,Norway Maple,214,4600-730,Porto,13,45,false
1047,Fabiano,Polson,fpolson1a@weebly.com,2014,1,4,Mitchell,02914,,,,46,false
1048,Corenda,Bodiam,cbodiam1b@ucoz.com,2003,6,25,Kipling,429,93180-000,,,47,false
1049,Rhianna,Sears,rsears1c@deliciousdays.com,2017,2,25,Nobel,7399,,,,48,false
1050,Olva,Wyman,owyman1d@spiegel.de,1989,2,6,Cherokee,142,,,,49,false
1051,Levey,Glison,lglison1e@ovh.net,2013,10,16,Loeprich,7,4805-556,Braga,03,50,false
1052,Vittorio,Laffan,vlaffan1f@ustream.tv,2010,5,25,Eastlawn,06,99047,,,51,false
1053,Mildrid,McGonigle,mmcgonigle1g@mysql.com,2003,6,16,Crescent Oaks,0,23161,,,52,false
1054,Malory,Barensen,mbarensen1h@comcast.net,1981,5,11,Hanson,4494,87-601,,,53,false
1055,Tierney,Harbach,tharbach1i@pagesperso-orange.fr,2015,7,17,Pepper Wood,1,2513,,,54,false
1056,Kizzie,Forster,kforster1j@bing.com,1980,2,24,Hayes,320,,,,55,false
1057,Chloris,Waddie,cwaddie1k@hubpages.com,2004,10,12,Petterle,3146,2250-325,Santarém,14,56,false
1058,Carlye,Noir,cnoir1l@trellian.com,1996,10,17,Aberg,2,407 22,,,57,false
1059,Patricia,Scobie,pscobie1m@google.cn,2014,1,9,Di Loreto,7574,22-530,,,58,false
1060,Clay,Butterley,cbutterley1n@webmd.com,1981,12,2,Fieldstone,588,V9C,British Columbia,BC,59,false
1061,Louise,Blaxley,lblaxley1o@cisco.com,2019,8,28,Mccormick,0453,13600-000,,,60,false
1062,Rochelle,Willard,rwillard1p@sun.com,2010,6,9,Lighthouse Bay,76664,433310,,,61,false
1063,Aimil,McGeaney,amcgeaney1q@berkeley.edu,1992,4,28,Morningstar,4618,50672,Kuala Lumpur,KUL,62,false
1064,Ikey,Seagrove,iseagrove1r@apache.org,1997,5,13,Reinke,32397,332 04,,,63,false
1065,Freddie,Minthorpe,fminthorpe1s@amazon.com,2008,6,13,Rigney,44,,,,64,false
1066,Silvanus,Weathers,sweathers1t@narod.ru,1982,5,21,Thackeray,893,J3H,Québec,QC,65,false
1067,Ken,MacFarlan,kmacfarlan1u@nature.com,2004,4,8,Mesta,1409,,,,66,false
1068,Arielle,Lyptratt,alyptratt1v@constantcontact.com,1987,11,4,Warrior,148,,,,67,false
1069,Francis,Cornford,fcornford1w@shutterfly.com,2000,4,15,Londonderry,9491,2510,,,68,false
1070,Ellsworth,Acreman,eacreman1x@topsy.com,2017,10,19,Tennessee,32235,,,,69,false
1071,Gery,Oxenham,goxenham1y@intel.com,2017,9,11,Bunker Hill,183,63136,Nayarit,NAY,70,false
1072,Alasdair,Prator,aprator1z@seesaa.net,2013,7,7,Hoard,18015,7447,,,71,false
1073,Patty,Oldford,poldford20@ft.com,2013,10,26,Oak,50,,,,72,false
1074,Tome,Salman,tsalman21@posterous.com,1988,1,26,Talmadge,8992,0918,,,73,false
1075,Kellby,Davis,kdavis22@youku.com,1986,11,4,Mariners Cove,303,,,,74,false
1076,Kai,Dudeney,kdudeney23@purevolume.com,1995,8,11,Daystar,7,,,,75,false
1077,Lorin,Brinklow,lbrinklow24@yandex.ru,2014,3,5,Starling,50356,,,,76,false
1078,Patrizio,Rudman,prudman25@4shared.com,1983,5,5,Cherokee,695,456950,,,77,false
1079,Welbie,Klementz,wklementz26@tiny.cc,2000,10,17,Carberry,8018,51601,,,78,false
1080,Kimberlee,Winchurst,kwinchurst27@deviantart.com,2011,1,10,Roth,61784,754 48,Uppsala,C,79,false
1081,Donnie,Sapwell,dsapwell28@istockphoto.com,1991,5,22,Mayfield,0,,,,80,false
1082,Eula,Cansfield,ecansfield29@php.net,1986,8,22,West,846,,,,81,false
1083,Aggie,Barneville,abarneville2a@epa.gov,1991,4,24,Havey,67991,5027,,,82,false
1084,Amalie,Dun,adun2b@soundcloud.com,1989,9,18,Dawn,460,,,,83,false
1085,Lucine,Clother,lclother2c@exblog.jp,2020,12,26,Hayes,5,,,,84,false
1086,Shani,Budibent,sbudibent2d@about.com,1992,11,28,South,515,,,,85,false
1087,Phyllida,McGrath,pmcgrath2e@apple.com,1994,10,16,Forest Dale,8,A86,,,86,false
1088,Con,Toffalo,ctoffalo2f@privacy.gov.au,1986,7,16,Dunning,11320,1053,,,87,false
1089,Hedda,Noone,hnoone2g@pen.io,2017,5,25,Colorado,7,,,,88,false
1090,Twyla,Van Leeuwen,tvanleeuwen2h@last.fm,1989,8,4,Acker,409,6341,,,89,false
1091,Abeu,Philipart,aphilipart2i@4shared.com,1989,6,16,Sunnyside,9,E1A,New Brunswick,NB,90,false
1092,Ophelia,Ost,oost2j@g.co,1995,3,25,Declaration,60413,,,,91,false
1093,Margeaux,Vlasyev,mvlasyev2k@narod.ru,2021,3,18,Holy Cross,19945,233539,,,92,false
1094,Norton,Root,nroot2l@netscape.com,1983,7,7,Miller,54654,,,,93,false
1095,Melessa,Mephan,mmephan2m@umich.edu,1987,4,24,Autumn Leaf,7,,,,94,false
1096,Ham,Winkle,hwinkle2n@toplist.cz,1990,6,21,Tennyson,603,,,,95,false
1097,Herc,Moreton,hmoreton2o@devhub.com,1982,5,4,Granby,2826,,,,96,false
1098,Torrance,Horburgh,thorburgh2p@netlog.com,2004,4,10,Larry,6,925-0373,,,97,false
1099,Brad,Click,bclick2q@google.ru,2015,8,2,Portage,96,,,,98,false
1100,Trent,Steven,tsteven2r@about.com,2001,10,1,Tennyson,1508,9017,,,99,false
